altitude	exposition	pente	distance_horizontale_hydro	distance_verticale_hydro	distance_horizontale_route	ombrage_0900	ombrage_1200	ombrage_1500	distance_horizontale_depart_feu
2654	42	15	60	7	1862	221	206	116	6907
2649	24	13	30	2	1832	213	211	133	6889
2647	357	16	0	0	1802	194	210	152	6870
2650	5	19	0	0	1772	192	199	141	6852
2645	25	24	30	7	1742	201	182	108	6834
2638	21	25	60	14	1712	195	178	109	6816
2634	9	25	90	24	1682	183	181	126	6798
2633	8	26	90	40	1652	181	179	126	6780
2630	11	26	90	37	1622	182	177	122	6763
2628	17	27	85	45	1593	188	174	112	6745
2622	27	28	67	39	1563	196	167	94	6727
2614	22	27	60	31	1533	193	172	104	6710
2610	17	26	60	27	1503	190	177	114	6692
2605	14	25	60	22	1473	188	180	120	6675
2603	15	25	60	21	1443	189	180	119	6658
2598	14	25	60	21	1413	189	181	120	6641
2596	345	25	60	20	1383	164	193	162	6624
2605	328	27	67	35	1353	146	198	186	6607
2613	336	26	85	44	1323	154	196	175	6590
2617	352	26	95	60	1293	165	185	152	6573
2617	4	28	95	51	1263	173	175	130	6557
2615	14	28	90	49	1233	181	170	113	6540
2609	19	29	90	43	1203	184	164	103	6524
2603	15	31	90	37	1173	176	160	106	6507
2599	10	32	95	33	1144	169	160	113	6491
2596	2	31	108	36	1114	162	166	129	6475
2598	355	30	120	43	1084	158	173	142	6459
2599	357	27	120	48	1054	167	180	142	6443
2585	44	22	60	22	964	219	188	93	6395
2576	37	16	30	6	934	218	203	117	6380
2575	309	15	0	0	904	179	230	191	6364
2590	288	25	30	20	875	142	228	222	6349
2602	296	21	60	39	845	158	229	209	6334
2608	306	14	90	50	815	179	231	192	6319
2614	305	10	120	53	785	193	235	182	6303
2619	306	4	150	58	755	208	237	168	6289
2620	342	2	180	59	726	216	236	158	6274
2599	117	4	127	2	459	227	236	143	6145
2598	87	5	108	1	430	227	232	140	6132
2594	61	2	95	-2	400	221	234	149	6118
2595	56	3	90	-1	371	222	232	146	6104
2590	98	7	90	-6	342	231	231	132	6091
2586	169	5	95	-10	313	224	242	153	6078
2589	214	5	108	-7	285	215	245	166	6065
2589	108	2	127	-5	256	221	237	151	6052
2589	60	4	150	-5	228	223	231	144	6039
2587	98	3	175	-7	201	225	234	145	6026
2583	139	4	201	-11	175	227	238	146	6013
2582	135	3	228	-12	150	224	238	150	6001
2540	121	10	67	11	324	237	232	126	5808
2537	137	8	60	8	342	233	237	136	5798
2501	149	1	0	0	577	221	238	154	5704
2500	180	1	0	0	604	219	239	157	5695
2500	175	3	0	0	631	221	240	156	5687
2501	144	6	0	0	658	229	239	143	5678
2926	112	12	300	-15	5641	240	227	115	3660
2922	139	13	301	-19	5611	239	236	124	3690
2916	150	13	306	-25	5581	236	239	130	3720
2913	166	10	313	-28	5551	229	244	147	3750
2913	175	8	323	-28	5521	225	244	153	3780
2913	160	7	335	-28	5491	228	242	147	3810
2913	141	9	350	-28	5461	234	238	135	3840
2909	161	10	366	-32	5431	230	243	143	3870
2909	183	13	384	-32	5401	223	248	156	3900
2909	183	16	400	-32	5371	223	249	154	3930
2909	180	16	408	-32	5341	224	248	151	3960
2909	186	18	418	-32	5311	220	250	157	3990
2913	171	19	424	-25	5281	229	245	139	4020
2906	156	20	430	52	5251	238	238	119	4050
2857	170	13	201	53	4322	229	245	145	4980
2854	170	12	190	50	4292	229	245	147	5010
2854	168	10	175	50	4262	228	244	147	5040
2854	153	11	162	59	4232	233	241	138	5070
2850	139	13	150	55	4202	240	235	123	5100
2844	135	16	134	49	4172	244	231	112	5130
2837	129	18	124	42	4142	247	226	101	5160
2831	125	19	120	40	4112	248	224	97	5190
2824	122	21	108	33	4082	250	219	87	5220
2811	129	21	95	20	4052	249	222	91	5250
2801	150	20	85	13	4022	242	234	112	5280
2795	159	23	67	7	3992	237	237	118	5310
2791	148	23	60	3	3962	243	231	104	5340
2781	139	18	42	0	3932	244	232	110	5370
2778	153	8	30	-2	3902	231	241	142	5400
2778	193	4	30	0	3872	219	243	160	5430
2778	236	5	0	0	3842	211	245	172	5460
2781	45	1	0	0	3812	219	235	153	5490
2781	349	10	30	-9	3782	202	224	160	5520
2788	326	18	42	13	3752	174	218	183	5550
2791	336	17	67	23	3722	180	214	173	5580
2795	331	18	85	23	3692	176	215	178	5610
2801	315	19	108	36	3662	167	221	193	5640
2811	315	16	127	43	3632	175	225	189	5670
2814	310	14	150	52	3602	180	230	189	5700
2821	313	10	175	63	3572	194	233	179	5730
2821	0	6	201	66	3542	212	229	155	5760
2821	47	9	228	66	3512	223	221	132	5790
2814	57	11	255	59	3482	228	216	120	5820
2811	65	11	270	59	3452	230	218	120	5850
2804	85	9	272	49	3422	233	225	124	5880
2801	135	4	277	52	3392	226	238	146	5910
2801	123	11	285	52	3362	239	232	122	5940
2791	121	18	277	115	3332	247	223	98	5970
2785	124	21	255	109	3302	250	219	86	6000
2772	132	23	234	99	3272	250	221	86	6030
2765	161	21	212	92	3242	236	240	124	6060
2765	161	24	192	98	3212	236	237	117	6090
2755	153	28	170	88	3182	241	228	97	6120
2749	159	30	150	82	3152	236	230	102	6150
2745	155	32	134	78	3122	237	224	91	6180
2736	142	34	124	69	3092	246	210	63	6210
2719	145	33	120	52	3062	244	214	70	6240
2713	169	35	120	46	3032	222	229	108	6270
2713	177	43	120	46	3002	201	221	109	6300
2716	181	51	120	49	2972	177	207	105	6330
2726	185	57	120	59	2942	153	193	102	6360
2736	182	61	120	66	2912	150	181	85	6390
2736	178	61	120	63	2882	154	175	73	6420
2736	174	61	120	69	2853	163	171	59	6450
2722	172	60	124	55	2823	169	175	59	6480
2716	174	57	124	59	2793	174	184	70	6510
2709	164	53	120	46	2763	199	186	53	6540
2690	145	46	95	59	2733	232	184	27	6570
2663	123	38	67	32	2703	251	181	0	6600
2640	107	29	42	9	2673	254	193	0	6630
2627	82	8	30	0	2643	232	225	126	6660
2631	286	20	0	0	2613	162	235	212	6690
2650	281	33	30	23	2583	113	222	238	6720
2670	282	36	60	46	2553	102	216	241	6750
2690	283	35	85	50	2523	106	218	239	6780
2709	289	25	108	75	2493	141	227	222	6810
2719	328	15	134	98	2463	184	222	177	6840
2687	18	15	153	15	2044	207	207	134	6995
2684	26	14	150	21	2014	213	209	130	6976
2680	32	14	127	17	1984	216	210	126	6958
2677	39	13	108	21	1954	220	210	122	6939
2672	53	14	85	16	1924	227	209	112	6920
2665	70	16	67	8	1894	235	208	100	6902
2655	66	11	42	-1	1864	231	218	118	6883
2654	11	8	30	7	1834	212	224	150	6865
2654	339	12	0	0	1804	193	222	168	6846
2659	354	15	30	12	1774	194	213	156	6828
2656	20	20	42	6	1744	202	194	123	6810
2651	14	24	67	13	1714	191	184	122	6792
2649	6	26	95	25	1684	179	180	130	6774
2648	7	27	120	38	1654	178	177	127	6756
2645	11	27	120	62	1624	182	176	120	6738
2642	20	26	108	59	1595	191	174	109	6721
2635	28	27	95	52	1565	199	171	95	6703
2627	25	26	90	44	1535	196	174	102	6685
2623	17	25	90	40	1505	191	179	115	6668
2619	14	25	90	36	1475	188	180	120	6651
2616	15	25	90	33	1445	188	178	117	6633
2611	13	25	90	29	1415	186	179	121	6616
2610	348	25	90	33	1385	164	190	158	6599
2617	331	26	95	41	1355	151	198	182	6582
2624	332	24	108	54	1325	157	202	180	6565
2631	343	23	124	62	1296	167	198	166	6548
2632	3	24	124	66	1266	180	187	138	6532
2629	16	26	120	63	1236	189	178	116	6515
2624	16	27	120	58	1206	187	174	113	6498
2621	9	29	120	55	1176	174	169	120	6482
2619	9	31	124	53	1146	169	162	116	6466
2602	46	24	90	39	997	219	180	83	6385
2593	57	22	60	23	967	229	188	81	6370
2583	64	16	30	8	938	233	206	100	6354
2578	278	7	0	0	908	202	241	179	6339
2590	262	24	30	15	878	154	243	224	6323
2606	262	20	60	36	849	166	245	216	6308
2613	264	11	90	50	819	192	245	192	6293
2617	250	6	120	59	789	208	244	174	6278
2615	193	4	150	54	760	219	243	160	6263
2598	90	1	127	0	495	220	237	153	6132
2597	23	2	108	0	466	218	235	154	6119
2597	45	5	85	0	437	221	229	143	6105
2593	22	4	67	-3	408	217	230	150	6091
2597	29	5	60	0	379	218	229	147	6078
2591	60	10	60	-5	351	228	218	122	6064
2586	31	6	67	-10	323	219	228	145	6051
2588	310	4	85	-6	295	209	237	166	6038
2592	135	1	108	-2	268	220	238	155	6025
2590	123	5	134	-4	242	228	236	142	6012
2587	119	6	162	-7	216	231	235	137	5999
2584	130	4	190	-10	192	226	237	145	5986
2534	142	11	42	5	350	237	237	129	5780
2532	140	11	30	3	366	236	237	130	5770
2526	119	12	30	-2	384	241	229	116	5759
2520	112	11	30	6	404	239	228	118	5750
2514	128	6	0	0	424	230	236	140	5740
2506	21	7	0	0	516	216	226	147	5702
2505	23	7	0	0	541	216	225	145	5693
2504	23	6	30	2	566	216	227	147	5684
2502	7	6	30	1	592	213	229	153	5675
2503	358	6	30	2	618	211	229	156	5667
2936	63	17	331	-5	5672	233	204	98	3630
2926	73	17	330	-15	5642	237	205	93	3660
2916	87	13	331	-25	5612	239	218	108	3690
2913	110	7	335	-28	5582	233	232	132	3720
2913	155	4	342	-28	5552	224	240	150	3750
2913	171	5	351	-28	5522	223	242	154	3780
2913	153	7	362	-28	5492	229	241	144	3810
2909	140	11	376	-32	5462	237	237	129	3840
2903	151	11	390	-38	5432	234	240	135	3870
2903	166	12	390	-35	5402	230	244	143	3900
2900	180	14	391	-38	5372	225	248	153	3930
2903	177	14	395	-35	5342	226	247	150	3960
2900	174	17	400	-38	5312	228	246	144	3990
2900	170	20	408	-35	5282	230	244	137	4020
2896	161	19	400	36	5252	236	240	127	4050
2893	164	17	390	39	5222	233	243	134	4080
2890	171	17	379	36	5192	230	245	141	4110
2844	209	16	212	40	4383	207	253	178	4920
2850	200	17	192	46	4353	211	253	171	4950
2850	181	14	175	46	4323	224	248	153	4980
2850	181	11	162	46	4293	224	247	155	5010
2850	167	11	150	46	4263	229	244	146	5040
2847	154	14	134	43	4233	236	240	131	5070
2844	146	18	124	49	4203	242	235	116	5100
2837	142	19	108	42	4173	244	231	107	5130
2831	138	22	95	36	4143	247	227	96	5160
2821	139	25	90	26	4113	248	223	88	5190
2811	139	26	85	20	4083	248	221	84	5220
2801	138	23	67	10	4053	248	225	93	5250
2795	139	17	60	4	4023	243	232	112	5280
2788	140	11	42	0	3993	237	237	129	5310
2785	117	8	30	-2	3963	235	232	129	5340
2781	81	6	30	0	3933	228	230	136	5370
2781	351	6	0	0	3903	210	230	159	5400
2781	341	10	0	0	3873	199	225	165	5430
2785	334	13	0	0	3843	190	222	171	5460
2788	347	13	30	10	3813	194	218	162	5490
2788	335	13	42	7	3783	189	221	171	5520
2795	316	15	67	4	3753	179	226	187	5550
2801	324	15	85	26	3723	181	223	181	5580
2804	330	16	108	36	3693	181	220	177	5610
2808	319	15	127	36	3663	179	225	185	5640
2814	310	12	150	49	3633	186	231	185	5670
2818	304	10	170	50	3603	192	235	183	5700
2824	306	6	192	62	3573	202	236	174	5730
2824	18	2	216	66	3543	217	234	154	5760
2824	84	7	242	69	3513	230	228	131	5790
2818	94	10	268	63	3483	236	225	119	5820
2814	100	12	295	59	3453	240	223	111	5850
2804	107	12	301	52	3423	240	225	113	5880
2801	135	7	297	115	3393	231	237	138	5910
2798	119	13	277	112	3363	242	228	112	5940
2788	116	20	255	102	3333	250	217	85	5970
2778	120	23	234	102	3303	252	214	77	6000
2765	123	24	212	89	3273	252	214	76	6030
2755	145	19	192	82	3243	243	233	110	6060
2752	151	22	170	79	3214	241	234	110	6090
2745	145	26	150	78	3184	245	225	91	6120
2736	148	28	127	69	3154	243	225	90	6150
2726	152	30	108	59	3124	240	224	89	6180
2719	145	34	95	52	3094	244	212	67	6210
2706	143	36	90	39	3064	244	206	57	6240
2693	155	37	90	26	3034	234	215	77	6270
2683	162	41	90	16	3004	222	212	79	6300
2667	167	46	90	0	2974	208	205	77	6330
2654	173	52	90	-15	2944	188	198	81	6360
2644	178	55	90	-28	2914	172	193	86	6390
2644	175	57	90	-22	2884	171	185	74	6420
2637	174	58	90	-29	2854	170	180	67	6450
2637	179	56	95	-25	2824	167	191	88	6480
2640	181	52	95	-16	2794	176	204	101	6510
2640	177	46	90	-16	2764	194	213	102	6540
2644	169	36	85	-18	2734	221	226	104	6570
2644	137	23	60	13	2704	248	224	91	6600
2634	82	15	30	3	2674	240	212	98	6630
2631	6	13	0	0	2644	204	215	147	6660
2634	308	23	0	0	2614	151	219	205	6690
2650	290	34	30	19	2584	107	213	235	6720
2673	287	37	60	46	2554	96	210	240	6750
2696	288	34	90	72	2524	107	215	236	6780
2713	291	25	120	73	2495	143	227	220	6810
2722	306	12	150	88	2465	185	233	188	6840
2693	47	9	124	11	2046	224	220	130	6972
2691	49	9	120	19	2016	224	221	131	6953
2686	66	10	108	23	1986	230	219	121	6934
2681	86	11	85	18	1956	236	221	115	6915
2675	99	14	67	19	1926	242	221	106	6897
2666	97	15	42	10	1896	244	216	98	6878
2657	74	7	30	0	1866	229	227	132	6860
2657	334	8	0	0	1836	202	229	167	6841
2660	328	12	0	0	1806	190	226	175	6823
2665	341	12	30	11	1776	194	222	166	6804
2665	5	15	60	18	1746	200	210	145	6786
2664	3	20	85	14	1717	188	197	143	6768
2664	4	23	108	26	1687	183	189	136	6750
2662	7	24	134	38	1657	184	186	132	6732
2661	13	25	150	78	1627	188	181	122	6714
2655	23	26	134	72	1597	195	175	106	6696
2649	28	27	124	66	1567	199	171	96	6679
2630	12	28	120	47	1448	180	172	117	6609
2626	9	29	120	43	1418	174	169	120	6592
2624	352	29	120	42	1388	157	177	148	6574
2631	342	27	124	54	1358	153	188	167	6557
2635	339	23	134	59	1328	165	201	171	6540
2641	337	20	150	71	1299	171	208	173	6523
2645	358	20	153	79	1269	186	201	149	6507
2624	47	24	90	3	1031	220	180	82	6376
2611	62	25	85	15	1001	232	179	64	6360
2598	74	24	60	23	972	240	187	65	6344
2584	78	18	30	6	942	240	204	87	6329
2576	315	1	0	0	912	216	237	159	6313
2584	253	20	30	6	883	171	249	213	6297
2599	240	23	60	24	853	171	252	213	6282
2601	10	7	108	3	503	213	227	151	6106
2600	346	7	85	2	474	207	229	161	6092
2603	12	9	67	6	446	211	221	147	6078
2598	32	9	42	1	418	218	221	139	6064
2599	45	5	30	2	390	221	229	144	6051
2596	65	8	30	0	362	228	224	130	6037
2592	48	6	42	-2	335	223	227	140	6024
2591	45	1	67	-3	309	219	235	153	6011
2589	130	4	95	-5	283	226	237	146	5998
2585	124	5	124	-9	258	229	236	140	5985
2584	119	6	153	-10	234	230	235	138	5972
2580	135	6	182	-14	212	229	237	142	5959
2529	66	6	0	0	391	226	228	137	5741
2524	65	10	0	0	408	230	221	123	5731
2521	59	11	0	0	426	228	218	121	5721
2515	37	7	0	0	446	220	224	139	5711
2518	29	6	0	0	467	218	226	144	5702
2512	47	9	0	0	488	223	221	132	5692
2511	15	7	0	0	511	214	225	148	5683
2512	7	8	30	6	534	210	224	151	5673
2509	25	9	30	3	558	216	221	141	5664
2507	37	7	42	2	582	220	224	139	5655
2506	28	4	60	4	607	218	232	150	5646
2942	84	14	360	0	5673	239	216	105	3631
2932	81	19	360	-9	5643	242	204	85	3661
2922	82	16	360	-19	5613	240	211	96	3691
2913	95	10	360	-25	5583	236	225	120	3721
2909	143	7	360	-29	5553	231	239	141	3751
2909	163	10	360	-29	5523	230	243	145	3781
2906	155	13	360	-32	5493	235	241	135	3811
2903	151	12	360	-35	5463	236	240	132	3841
2900	148	10	360	-38	5433	234	239	136	3871
2896	150	9	360	-42	5403	233	240	138	3901
2893	175	9	361	-45	5373	225	245	153	3931
2896	165	11	365	-42	5343	230	244	143	3961
2890	164	12	371	-45	5313	231	243	141	3991
2890	165	11	379	-45	5283	230	244	144	4021
2886	156	10	362	26	5223	232	241	140	4081
2883	154	11	351	29	5193	234	241	137	4111
2880	180	12	342	26	5163	224	247	154	4141
2883	184	15	335	29	5133	222	249	156	4171
2883	187	17	323	33	5103	220	250	157	4201
2886	202	19	309	36	5073	208	253	174	4231
2847	92	18	228	39	4444	245	210	88	4861
2837	113	12	212	29	4414	240	228	117	4891
2834	196	11	192	30	4384	217	249	165	4921
2840	196	15	170	36	4354	215	251	166	4951
2840	189	16	150	36	4324	219	250	160	4981
2844	190	14	134	40	4294	219	250	161	5011
2844	164	15	124	40	4264	232	244	138	5041
2840	152	18	108	36	4234	239	238	121	5071
2834	146	22	95	30	4204	244	231	105	5101
2827	148	24	85	32	4174	243	230	102	5131
2821	143	26	67	26	4144	246	224	89	5161
2808	139	25	60	13	4114	248	223	88	5191
2801	137	21	60	6	4084	247	226	97	5221
2791	135	15	42	0	4054	243	232	115	5251
2788	129	7	30	-2	4024	231	236	137	5281
2785	11	4	30	-2	3994	216	232	153	5311
2788	21	10	0	0	3964	214	219	141	5341
2781	22	11	0	0	3934	213	217	139	5371
2785	338	11	0	0	3904	195	224	168	5401
2788	336	13	30	7	3874	190	222	170	5431
2791	333	14	30	10	3844	187	221	173	5461
2795	347	12	42	10	3814	197	221	161	5491
2795	339	11	67	17	3784	197	225	166	5521
2798	311	14	85	17	3754	182	230	187	5551
2804	311	14	108	13	3724	181	229	188	5581
2811	320	12	127	36	3694	188	228	180	5611
2814	320	11	150	46	3664	191	229	178	5641
2818	315	9	170	46	3634	196	233	176	5671
2821	297	7	192	56	3604	201	238	176	5701
2824	281	4	212	56	3575	209	240	169	5731
2824	108	2	234	62	3545	223	236	149	5761
2821	106	9	258	63	3515	235	229	125	5791
2814	112	13	283	59	3485	242	225	109	5821
2808	119	16	309	53	3455	245	225	104	5851
2801	126	15	300	115	3425	244	229	110	5881
2795	147	11	277	109	3395	235	239	134	5911
2795	127	17	255	109	3365	245	227	105	5941
2781	119	23	234	95	3335	252	213	76	5971
2772	119	23	212	86	3305	252	213	76	6001
2758	116	22	192	82	3275	252	212	76	6031
2749	126	18	170	73	3245	247	225	98	6061
2732	139	27	127	59	3185	248	220	82	6121
2722	142	28	108	55	3155	247	221	83	6151
2713	143	30	85	46	3125	246	218	78	6181
2703	141	35	67	36	3095	246	208	59	6211
2686	141	37	60	19	3065	245	203	52	6241
2673	148	32	60	6	3035	243	218	78	6271
2663	145	25	60	-3	3005	245	227	94	6301
2657	129	18	60	-12	2975	247	226	101	6331
2650	101	12	60	-22	2946	240	224	112	6361
2647	77	6	60	-19	2916	228	228	134	6391
2647	86	12	60	-19	2886	237	221	113	6421
2631	97	11	60	-31	2856	238	224	116	6451
2634	225	6	67	-19	2826	212	246	171	6481
2640	249	9	67	-16	2796	201	247	184	6511
2644	286	7	60	-12	2766	201	240	179	6541
2644	322	9	60	-12	2736	198	232	173	6571
2647	357	14	42	-15	2706	197	213	153	6601
2644	9	23	30	13	2676	188	188	130	6631
2644	355	27	0	0	2646	167	182	146	6661
2647	328	31	30	16	2616	129	186	187	6691
2663	310	37	42	29	2586	97	188	217	6721
2683	300	38	67	52	2556	93	196	229	6751
2703	296	33	95	76	2526	110	208	229	6781
2719	300	24	124	95	2496	147	222	212	6811
2726	320	12	153	86	2467	189	228	180	6841
2693	84	9	95	11	2048	233	225	123	6949
2690	104	9	90	8	2018	235	229	126	6930
2686	112	13	85	14	1988	242	226	111	6911
2677	117	16	67	14	1958	245	224	103	6892
2669	118	15	42	6	1928	244	226	107	6873
2662	102	12	30	6	1899	239	225	114	6855
2656	3	5	0	0	1869	214	231	155	6836
2663	321	12	0	0	1839	188	228	179	6817
2666	328	13	30	9	1809	188	224	175	6799
2670	337	12	42	10	1779	195	224	168	6781
2671	349	11	67	17	1749	199	221	160	6762
2674	347	13	95	27	1719	194	218	162	6744
2676	2	15	124	26	1690	198	211	149	6726
2638	96	9	67	17	1065	235	227	123	6367
2630	95	20	60	9	1036	247	207	80	6351
2616	91	25	60	-4	1006	249	193	59	6335
2599	81	23	42	3	977	244	194	68	6319
2587	59	18	30	11	947	230	199	95	6303
2581	18	12	0	0	918	211	215	140	6287
2583	291	11	30	7	888	190	238	188	6272
2591	250	16	60	13	859	183	250	204	6256
2606	63	7	108	5	541	226	226	134	6094
2604	45	4	85	3	513	221	231	147	6079
2603	301	3	67	5	485	211	238	165	6065
2608	59	1	42	10	457	220	235	152	6052
2603	93	8	30	6	430	233	228	127	6038
2597	111	6	0	0	402	230	234	137	6024
2595	113	5	0	0	376	230	234	138	6011
2592	105	5	30	-2	350	229	233	138	5997
2589	119	5	60	-5	324	228	235	141	5984
2588	130	4	90	-6	300	226	237	145	5971
2587	108	4	120	-7	277	226	235	144	5958
2584	93	5	150	-10	255	228	232	138	5945
2535	25	11	0	0	417	215	216	137	5713
2530	43	12	30	1	433	222	213	123	5703
2526	43	12	30	2	450	222	213	124	5693
2521	33	10	30	0	469	218	218	135	5683
2519	22	8	30	4	488	215	222	144	5673
2517	35	10	30	0	509	219	218	134	5664
2514	23	7	30	2	531	216	225	145	5654
2514	0	6	42	3	553	212	229	155	5645
2515	40	7	60	9	576	221	224	138	5636
2510	72	9	67	4	600	231	223	125	5627
2942	124	12	330	3	5704	240	231	118	3602
2939	122	14	330	0	5674	243	228	110	3632
2929	109	18	330	-9	5644	248	217	91	3662
2919	101	15	330	-19	5614	244	218	99	3692
2913	94	12	330	-25	5584	238	222	113	3722
2906	100	8	330	-32	5554	234	229	127	3752
2903	126	6	330	-35	5524	231	236	138	3782
2900	123	7	330	-38	5494	231	235	137	3812
2896	118	5	330	-42	5464	228	236	142	3842
2896	86	3	330	-42	5434	224	234	145	3872
2893	41	5	330	-45	5404	220	229	145	3902
2893	29	5	331	-45	5374	218	229	147	3932
2890	67	6	335	-45	5344	227	228	135	3962
2886	27	3	342	-49	5314	218	232	151	3992
2890	2	6	351	-38	5284	212	229	154	4022
2886	32	9	342	26	5254	218	220	137	4052
2883	49	9	335	23	5224	224	221	131	4082
2880	77	8	323	20	5194	230	226	129	4112
2877	122	4	313	23	5164	228	236	143	4142
2877	156	9	306	23	5134	230	241	143	4172
2873	180	12	295	19	5104	224	247	154	4202
2877	206	16	283	27	5074	208	253	175	4232
2883	206	17	268	33	5044	207	253	176	4262
2860	176	12	182	23	4595	226	246	152	4712
2860	180	12	190	23	4565	224	247	154	4742
2860	175	10	201	26	4535	226	245	151	4772
2860	142	8	210	23	4505	232	238	139	4802
2857	111	13	210	43	4475	242	225	110	4831
2847	102	18	201	36	4445	247	214	89	4861
2837	104	15	190	29	4415	244	220	101	4891
2831	158	8	170	23	4385	229	242	145	4921
2834	180	14	150	30	4355	225	248	153	4951
2831	188	17	127	27	4325	219	250	158	4981
2837	189	18	108	33	4295	217	251	160	5011
2834	165	19	95	30	4265	233	242	131	5041
2831	155	21	85	27	4235	239	236	116	5071
2824	145	22	67	20	4205	245	230	102	5101
2814	143	22	60	10	4175	245	229	101	5131
2808	138	22	42	13	4145	247	227	96	5161
2798	135	16	30	3	4115	244	231	112	5191
2795	112	9	30	0	4085	237	230	124	5221
2967	11	16	180	32	4960	201	205	139	1945
2962	11	16	210	27	4990	202	206	139	1932
2962	343	15	240	27	5020	188	216	166	1913
2966	340	16	270	31	5049	185	216	168	1891
2968	353	16	300	33	5079	190	210	156	1869
2967	7	15	360	32	5139	200	208	143	1825
2966	345	15	390	31	5169	190	216	164	1803
2952	74	9	134	25	4599	231	223	125	2155
2945	55	8	108	17	4629	225	223	132	2138
2944	32	9	85	18	4659	218	221	138	2122
2941	39	13	60	15	4689	220	212	124	2105
2936	25	11	30	4	4718	215	217	138	2089
2936	356	7	0	0	4748	209	227	157	2073
2937	318	6	0	0	4778	205	235	169	2058
2941	295	11	30	6	4808	189	237	188	2043
2947	294	14	60	12	4837	179	236	196	2028
2973	2	9	180	38	4956	208	224	153	1972
2969	16	12	210	34	4986	209	214	141	1956
2969	340	14	240	34	5016	190	219	167	1933
2974	336	15	270	39	5046	187	219	171	1911
2977	1	14	330	42	5105	199	213	150	1867
2952	63	7	134	2	4595	226	226	134	2180
2949	32	7	108	0	4625	219	224	142	2163
2949	18	8	85	0	4655	214	223	145	2147
2947	45	11	60	15	4685	223	216	126	2131
2941	39	9	30	5	4715	221	220	134	2115
2941	29	6	0	0	4744	218	227	145	2099
2942	283	12	42	5	4804	187	241	193	2069
2951	279	12	67	16	4834	187	242	194	2054
2952	14	9	95	2	4622	212	222	147	2188
2949	45	11	42	0	4681	223	216	126	2156
2944	47	10	30	3	4711	224	218	128	2140
2942	37	7	0	0	4741	220	224	140	2125
2939	342	7	30	-1	4771	206	230	162	2110
2944	297	11	60	8	4800	189	237	187	2095
2950	276	9	85	13	4830	196	242	186	2081
2959	72	2	90	9	4618	221	235	151	2214
2955	81	8	30	5	4678	231	226	128	2182
2950	84	9	0	0	4708	233	225	125	2166
2944	45	4	0	0	4738	221	231	147	2151
2946	323	7	30	4	4767	201	233	171	2136
2948	315	10	60	7	4797	193	232	178	2121
2952	167	8	90	2	4615	226	243	150	2239
2955	161	9	60	5	4645	229	242	145	2223
2950	135	12	30	0	4675	238	235	125	2207
2945	135	8	0	0	4705	234	237	134	2192
2943	236	2	30	-6	4734	216	240	162	2177
2947	286	7	42	3	4764	201	240	179	2162
2956	310	8	95	15	4824	197	234	177	2134
2949	106	3	90	0	4612	226	235	145	2264
2950	125	4	60	0	4642	226	237	145	2248
2945	96	7	30	0	4672	232	230	131	2233
2942	27	3	0	0	4702	218	232	151	2218
2945	320	7	30	0	4731	202	233	171	2203
2951	298	9	85	7	4791	195	237	182	2174
2957	295	8	108	15	4821	198	238	180	2160
2951	22	5	60	6	4639	217	229	149	2274
2949	27	8	30	7	4669	217	222	141	2259
2948	0	9	0	0	4699	208	224	154	2244
2956	312	7	90	6	4788	200	235	174	2201
2960	270	4	120	16	4818	210	241	170	2187
2954	3	5	42	1	4636	213	230	155	2300
2952	31	3	0	0	4696	219	233	151	2270
2958	22	4	30	5	4634	217	230	150	2326
2953	78	6	0	0	4664	227	230	137	2311
2953	263	6	60	5	4754	206	243	175	2268
2959	34	7	0	0	4632	219	225	142	2352
2954	61	9	0	0	4662	227	222	128	2337
2954	263	6	67	2	4751	205	243	176	2293
2771	87	20	234	83	242	244	204	80	2581
2760	92	17	216	72	228	244	212	91	2556
2753	103	11	201	65	216	238	226	118	2532
2749	102	12	190	61	201	239	225	114	2508
2771	91	21	258	83	268	247	202	74	2563
2758	98	19	242	70	256	247	209	82	2539
2750	111	12	228	62	242	241	227	114	2514
2746	113	12	218	58	228	240	228	117	2490
2739	102	16	212	51	218	245	217	95	2466
2729	94	17	210	41	212	245	211	89	2442
2771	85	22	283	83	295	245	196	69	2546
2757	88	21	268	69	283	246	201	75	2522
2748	93	12	256	60	268	239	221	110	2497
2744	99	11	247	56	256	238	225	117	2473
2737	95	15	242	49	247	243	217	99	2448
2722	76	14	240	34	240	237	213	105	2400
2749	80	14	285	61	295	238	213	102	2480
2744	86	12	277	56	285	237	221	113	2455
2737	87	14	272	49	277	240	216	104	2431
2729	78	12	270	41	272	236	217	111	2406
2724	69	12	247	46	270	233	215	113	2382
2706	69	21	190	32	212	237	195	80	2334
2696	62	16	162	22	182	232	205	101	2310
2691	54	12	134	17	153	227	213	117	2287
2685	49	10	108	10	124	224	218	127	2263
2744	82	13	306	56	313	238	216	107	2438
2737	82	13	301	49	306	237	218	109	2413
2731	70	10	285	53	301	231	220	120	2389
2727	62	11	256	53	277	230	216	118	2364
2720	66	17	228	46	247	234	205	97	2340
2700	61	17	175	26	190	232	203	99	2292
2689	48	11	120	15	134	224	216	124	2244
2754	74	20	342	66	351	239	198	81	2446
2745	79	15	335	57	342	239	211	98	2421
2730	54	11	268	56	285	226	217	123	2347
2724	62	16	242	50	256	232	206	102	2323
2715	65	19	212	41	228	234	197	87	2298
2705	59	17	182	30	201	231	202	98	2274
2699	52	14	153	25	175	226	209	113	2250
2693	45	12	124	19	150	223	214	123	2226
2690	39	10	95	25	124	221	217	130	2202
2746	76	18	362	68	371	239	204	89	2405
2739	71	11	335	65	351	232	219	118	2380
2736	50	7	306	62	323	224	225	136	2355
2734	55	10	277	60	295	226	220	127	2330
2728	65	14	247	54	268	233	210	106	2305
2720	67	18	218	45	242	235	201	91	2281
2704	55	13	162	30	190	228	211	113	2232
2698	45	12	134	33	162	223	214	124	2208
2695	43	11	108	29	134	222	216	127	2184
2749	73	20	371	75	390	239	198	81	2388
2738	48	7	313	64	335	223	225	138	2338
2736	61	9	285	62	309	227	222	128	2313
2730	69	13	256	55	283	233	214	110	2288
2723	71	17	228	49	256	236	205	95	2264
2713	67	16	201	39	228	234	206	99	2239
2707	57	13	175	42	201	228	213	116	2215
2702	47	11	150	36	175	224	217	126	2190
2699	50	11	120	31	150	225	216	124	2166
2752	70	21	379	78	402	238	194	78	2372
2741	55	8	323	67	350	225	223	132	2322
2738	71	9	295	63	323	230	223	126	2297
2733	77	12	268	59	295	235	218	113	2271
2726	77	15	240	52	268	238	211	100	2247
2717	69	14	210	52	240	234	210	104	2222
2711	58	12	180	45	210	228	215	117	2197
2706	49	10	150	38	180	224	218	127	2173
2770	71	24	418	96	443	238	187	66	2382
2757	68	22	390	83	417	236	192	76	2356
2738	80	10	300	64	330	234	223	120	2280
2733	89	12	270	59	300	237	221	113	2255
2726	86	13	240	61	270	239	217	107	2230
2719	74	12	210	53	240	234	217	114	2205
2714	61	11	180	46	210	229	218	121	2180
2709	53	9	150	41	180	226	220	128	2155
2706	59	11	120	43	150	228	217	120	2131
2786	70	25	450	112	480	238	184	63	2393
2774	68	23	420	100	450	237	187	69	2367
2762	66	22	390	88	420	235	190	76	2341
2746	60	14	330	72	360	230	211	110	2290
2733	79	12	270	68	300	236	217	110	2239
2726	77	12	240	60	270	235	218	113	2214
2721	65	10	210	53	240	230	220	123	2188
2717	58	10	180	49	210	228	218	123	2163
2712	53	9	150	49	180	226	220	128	2138
2818	63	22	510	144	540	233	188	76	2430
2805	68	26	480	131	510	236	179	59	2404
2791	67	25	450	117	480	235	181	62	2378
2768	62	22	390	93	420	233	188	76	2326
2757	57	19	360	83	390	230	197	94	2300
2751	59	17	330	77	360	230	203	101	2274
2742	68	16	300	77	330	235	206	99	2248
2735	71	14	270	69	300	235	213	107	2223
2728	66	11	240	60	270	231	217	117	2197
2724	55	10	210	56	240	226	220	127	2172
2715	51	10	150	49	180	225	219	127	2122
2712	59	11	120	44	150	228	216	119	2097
2705	70	17	90	35	120	236	205	96	2072
2833	57	17	541	159	570	230	202	99	2442
2824	64	22	511	150	540	234	190	78	2416
2811	66	26	481	137	510	235	179	61	2389
2797	63	26	451	123	480	232	179	63	2363
2763	51	20	361	89	390	225	191	91	2285
2745	58	20	301	79	330	230	193	87	2233
2737	58	16	272	69	300	230	203	101	2207
2731	54	13	242	63	270	227	212	116	2182
2727	51	10	212	64	240	225	218	126	2156
2719	53	10	153	51	180	226	219	127	2105
2715	62	11	124	45	150	230	216	118	2080
2837	62	17	543	163	571	232	202	97	2429
2828	66	20	514	154	541	235	195	84	2402
2804	59	25	454	129	481	229	179	68	2349
2793	54	24	424	119	451	226	180	75	2322
2782	52	25	395	108	421	224	179	75	2296
2771	45	22	365	106	391	220	186	90	2270
2765	44	22	335	99	361	219	185	90	2244
2744	50	21	277	76	301	224	190	90	2192
2736	50	16	247	73	272	225	203	107	2166
2726	54	10	190	58	212	226	218	124	2115
2711	60	14	108	38	124	230	210	109	2039
2704	52	17	85	27	95	226	202	104	2014
2841	64	18	547	167	573	233	200	92	2415
2832	64	19	518	158	543	234	199	90	2388
2823	62	21	488	148	514	232	191	81	2361
2812	59	23	459	138	484	230	184	75	2335
2801	55	23	430	127	454	227	184	78	2308
2791	54	24	400	126	424	226	183	78	2282
2780	46	21	371	114	395	221	189	93	2255
2742	57	18	256	76	277	230	198	95	2151
2735	59	14	228	67	247	230	210	110	2125
2725	58	10	175	54	190	228	218	123	2073
2720	61	11	150	47	162	229	217	120	2048
2710	45	14	108	33	108	223	210	118	1997
2855	62	21	582	181	607	233	193	83	2429
2845	64	20	553	171	577	234	196	86	2402
2836	63	18	524	161	547	233	201	93	2375
2828	61	19	495	154	518	232	197	90	2348
2818	60	22	466	144	488	231	190	80	2321
2807	57	22	437	142	459	229	189	82	2294
2798	55	22	408	132	430	227	187	82	2268
2787	47	20	379	119	400	222	192	96	2241
2782	46	21	351	114	371	221	190	95	2215
2771	57	25	323	108	342	228	178	69	2188
2738	63	16	242	68	256	232	206	101	2110
2732	59	11	216	61	228	228	216	119	2084
2728	59	11	192	55	201	228	218	121	2058
2718	51	10	150	41	150	225	219	127	2007
2850	68	21	560	175	582	236	193	79	2389
2840	69	18	532	166	553	236	203	92	2362
2833	70	17	503	159	524	236	205	96	2335
2824	69	19	474	159	495	237	199	87	2308
2814	66	19	446	148	466	235	198	87	2281
2795	55	17	390	127	408	228	202	101	2227
2790	54	18	362	127	379	228	199	98	2201
2779	64	24	335	113	351	234	183	68	2174
2765	65	25	309	97	323	234	181	65	2148
2753	66	23	283	83	295	235	188	74	2121
2742	66	18	258	71	268	235	201	92	2095
2731	63	11	212	54	216	230	218	120	2043
2725	65	11	190	48	192	230	218	120	2017
2721	60	8	162	48	170	227	223	131	1991
2717	66	9	108	46	120	229	221	124	1940
2854	72	23	569	180	589	239	190	71	2376
2842	76	19	541	168	560	240	201	84	2349
2834	80	16	513	169	532	240	210	95	2322
2825	81	17	485	159	503	241	208	92	2295
2816	78	17	457	148	474	240	206	91	2268
2807	76	17	430	139	446	239	206	92	2241
2798	69	14	402	135	418	234	211	106	2214
2793	65	15	376	127	390	233	208	103	2187
2783	70	22	350	115	362	237	190	73	2160
2770	68	24	324	100	335	236	184	66	2134
2758	69	24	300	87	309	237	185	66	2107
2745	70	20	277	72	283	237	198	83	2081
2738	64	12	255	61	258	231	215	114	2054
2733	66	11	228	56	234	231	217	117	2028
2727	72	11	201	54	210	233	218	116	2002
2722	79	8	175	49	180	231	225	126	1976
2718	98	7	150	47	150	231	231	132	1950
2715	109	10	120	36	120	238	229	121	1924
2858	74	25	579	184	598	240	185	62	2364
2845	78	21	552	180	569	242	195	74	2336
2827	80	16	497	159	513	240	210	95	2282
2818	78	17	470	150	485	240	207	93	2255
2801	67	13	417	135	430	233	213	110	2200
2796	63	14	391	128	402	232	211	108	2173
2788	68	21	366	118	376	236	194	80	2147
2775	67	23	342	104	350	236	186	69	2120
2764	71	26	319	91	324	238	181	59	2093
2748	72	22	295	71	300	239	193	74	2067
2741	65	13	268	64	272	232	214	112	2040
2736	67	12	240	63	242	232	215	113	2014
2729	74	12	210	56	212	235	216	111	1987
2723	81	11	180	52	182	235	221	117	1961
2718	96	10	150	39	153	236	226	121	1935
2713	105	11	120	34	124	240	226	115	1909
2876	67	22	570	-51	636	236	191	76	2379
2862	75	26	571	-65	607	241	180	53	2352
2847	79	24	564	181	579	243	190	63	2324
2836	81	18	537	168	552	241	206	88	2297
2828	78	15	510	160	524	238	211	100	2269
2820	75	16	484	157	497	238	207	95	2242
2811	71	16	458	145	470	236	208	99	2215
2804	63	13	433	136	443	231	213	112	2188
2792	66	19	384	121	391	235	198	87	2133
2780	67	23	361	107	365	235	188	73	2106
2769	71	27	331	92	335	238	177	53	2080
2744	63	14	272	71	277	232	211	109	2026
2738	67	13	242	65	247	233	213	110	1999
2724	83	13	182	45	190	238	216	106	1947
2717	97	12	153	38	162	240	222	110	1920
2711	105	13	124	37	134	241	224	110	1894
2704	105	13	95	24	108	241	224	110	1868
2850	78	25	543	-77	591	243	186	59	2312
2837	71	19	547	169	564	237	201	88	2285
2830	60	15	525	167	537	231	207	105	2257
2823	58	17	499	157	510	230	202	99	2230
2814	54	17	474	146	484	228	201	101	2202
2808	45	15	450	138	458	223	205	112	2175
2802	41	16	424	131	430	221	204	115	2148
2797	51	20	395	124	400	226	192	92	2120
2785	56	24	365	108	371	227	182	75	2093
2775	63	29	335	98	342	231	167	49	2066
2755	61	27	306	82	313	231	174	60	2039
2716	72	15	162	42	175	236	209	100	1906
2702	79	12	108	23	124	236	218	112	1853
2697	77	13	85	18	95	236	216	108	1827
2836	45	16	524	-91	551	223	204	111	2245
2830	45	18	516	162	524	222	197	103	2218
2816	33	19	459	145	466	213	196	112	2163
2811	30	19	430	138	437	211	196	115	2135
2785	56	31	342	112	351	222	158	47	2053
2758	38	23	285	87	295	213	184	96	1999
2742	47	22	228	63	242	222	186	88	1945
2732	54	22	201	58	216	227	186	82	1919
2706	55	15	124	27	134	228	207	108	1839
2701	58	15	95	22	108	230	208	108	1812
2820	30	19	437	143	446	211	196	116	2123
2815	37	21	408	138	418	214	189	101	2096
2806	44	25	379	133	390	217	176	81	2068
2795	56	31	351	122	362	222	157	46	2041
2768	41	23	295	89	309	215	182	90	1986
2759	44	22	268	80	283	219	185	90	1959
2739	57	24	216	59	228	228	183	75	1905
2729	56	21	190	50	201	229	191	85	1878
2720	59	19	162	41	175	230	196	90	1852
2711	59	16	134	32	150	230	204	101	1825
2705	61	15	108	38	127	231	208	106	1798
2697	65	18	85	30	108	234	201	92	1772
2805	56	32	362	134	376	222	156	44	2029
2778	44	24	309	99	323	217	179	83	1974
2746	59	25	228	67	242	230	180	69	1892
2735	58	22	201	56	216	230	188	80	1865
2725	61	21	175	46	192	232	192	83	1838
2715	62	18	150	48	170	232	201	94	1811
2708	60	15	127	41	150	231	207	105	1784
2701	61	17	108	34	127	231	202	98	1758
2692	58	19	85	27	108	230	197	93	1731
2788	49	25	323	114	335	221	178	78	1962
2776	52	24	295	96	309	224	181	78	1934
2767	57	24	268	88	283	228	181	72	1907
2742	58	23	216	63	234	229	184	76	1852
2731	59	23	192	64	212	230	186	77	1825
2720	58	20	170	53	192	230	193	87	1798
2706	60	17	120	41	150	231	203	100	1744
2698	64	17	90	26	120	233	202	95	1717
2796	52	25	335	116	350	223	178	75	1950
2773	60	25	283	94	300	230	179	67	1895
2749	58	23	234	82	255	229	184	75	1840
2738	58	23	210	71	234	229	184	75	1812
2727	56	22	180	60	210	228	188	82	1785
2718	56	19	150	53	180	229	197	94	1758
2710	66	18	120	38	150	235	201	91	1731
2700	74	17	90	28	120	238	205	92	1704
2780	62	26	300	101	319	231	176	62	1883
2767	61	24	272	100	297	231	182	69	1855
2756	58	23	242	89	270	229	184	76	1828
2734	58	22	182	69	210	230	187	79	1773
2714	70	21	124	42	150	237	193	77	1718
2695	72	14	67	23	90	235	212	105	1664
2786	63	28	306	119	331	232	172	55	1872
2773	60	24	277	106	301	231	182	71	1844
2752	58	24	218	87	242	229	182	73	1788
2730	62	22	162	58	182	233	188	76	1733
2718	72	25	134	46	153	239	185	63	1706
2704	76	20	108	32	124	240	199	80	1678
2697	74	14	85	22	95	236	213	106	1651
2793	60	30	313	126	335	227	164	48	1861
2780	55	25	285	113	306	226	177	70	1833
2760	56	25	228	88	247	227	178	70	1777
2747	58	25	201	75	218	229	179	69	1749
2723	70	28	150	51	162	237	175	51	1694
2706	72	23	120	31	134	239	190	71	1666
2699	66	15	90	24	108	233	210	105	1639
2789	52	27	295	124	313	222	170	66	1822
2779	49	25	268	107	285	222	178	77	1794
2768	55	26	240	96	256	225	175	67	1766
2755	58	26	210	83	228	228	175	64	1738
2814	55	32	330	149	351	220	155	44	1841
2788	50	26	270	116	295	221	175	73	1784
2777	55	27	240	105	268	225	172	64	1756
2750	63	27	180	75	210	231	172	56	1699
2735	69	31	150	60	180	235	163	37	1671
2707	62	17	90	38	120	232	202	97	1616
2840	48	28	360	175	390	217	168	68	1860
2826	53	32	330	154	360	218	154	45	1831
2810	53	31	300	138	330	220	158	50	1802
2797	52	27	270	125	300	222	171	67	1774
2786	55	28	240	114	270	225	170	61	1746
2757	62	29	180	82	210	230	168	51	1689
2742	67	32	150	74	180	233	158	32	1661
2711	63	19	90	41	120	233	198	90	1605
2851	55	23	361	179	391	227	184	78	1851
2838	61	29	331	166	361	229	166	50	1822
2821	62	30	301	149	331	229	163	45	1793
2806	58	26	272	134	301	228	175	64	1765
2795	59	27	242	120	272	228	174	62	1736
2780	62	29	212	105	242	230	166	49	1708
2765	62	29	182	97	212	230	167	50	1679
2750	66	33	153	81	182	231	156	31	1651
2715	59	22	95	41	124	231	188	79	1594
2862	72	17	395	190	424	237	204	92	1871
2854	68	19	365	182	395	236	199	87	1842
2827	69	29	306	155	335	236	171	46	1784
2802	61	26	247	127	277	231	178	65	1727
2787	64	29	218	119	247	231	168	49	1698
2772	62	29	190	103	218	230	168	50	1670
2758	64	32	162	88	190	230	157	35	1641
2723	56	26	108	45	134	227	176	67	1584
2714	54	20	85	31	108	227	194	92	1556
2858	79	16	371	186	400	240	209	95	1834
2848	77	23	342	176	371	242	192	68	1805
2833	73	26	313	158	342	240	180	54	1776
2819	66	23	285	144	313	235	186	70	1747
2795	63	28	228	126	256	231	171	53	1690
2780	61	29	201	110	228	229	168	52	1661
2766	61	31	175	92	201	228	160	42	1632
2748	60	33	150	70	175	225	153	36	1604
2732	57	29	124	49	150	225	165	54	1575
2864	99	13	400	-63	437	241	221	108	1855
2836	78	23	323	161	351	242	191	66	1768
2823	70	21	295	155	323	237	193	77	1739
2814	63	21	268	145	295	233	191	80	1710
2802	62	26	242	132	268	231	176	62	1681
2788	60	28	216	114	242	229	169	54	1652
2743	57	33	134	60	153	222	154	40	1566
2827	71	19	309	158	335	237	198	84	1732
2819	62	18	283	149	306	232	199	92	1703
2810	62	24	256	136	277	232	184	71	1674
2796	62	27	228	118	247	231	174	59	1645
2783	57	27	201	100	218	227	173	63	1616
2734	65	31	120	51	134	231	161	38	1529
2823	59	16	295	149	313	230	204	101	1695
2815	62	22	268	137	285	233	190	80	1666
2802	63	25	240	119	256	232	180	65	1637
2779	57	27	180	100	201	227	171	60	1579
2742	68	34	120	59	150	232	152	24	1521
2726	71	31	90	59	120	236	164	36	1492
2828	61	14	300	150	323	231	210	108	1689
2821	65	19	270	138	295	234	197	87	1660
2798	59	22	210	119	240	230	187	78	1601
2773	68	34	150	90	180	232	154	26	1543
2824	69	17	272	141	300	236	205	95	1653
2813	67	21	242	134	270	236	194	81	1624
2803	62	21	212	120	240	233	193	83	1595
2793	65	24	182	110	210	234	184	68	1565
2779	70	32	153	112	180	235	161	33	1536
2758	71	36	124	87	150	233	146	13	1507
2827	67	15	277	148	300	234	208	102	1648
2809	63	20	218	126	240	233	196	86	1589
2799	67	23	190	132	210	235	186	70	1559
2785	70	30	162	114	180	236	168	41	1530
2743	72	34	108	62	120	235	154	0	1471
2822	65	17	256	139	272	234	203	96	1613
2803	68	23	201	132	212	237	189	72	1554
2790	71	28	175	114	182	237	174	49	1524
2748	73	34	120	62	124	236	154	0	1465
2734	69	28	90	48	95	236	172	49	1436
2818	71	18	240	147	247	237	203	90	1578
2808	75	22	210	132	218	240	193	73	1549
2795	77	26	180	114	190	242	182	55	1519
2780	79	35	150	94	162	240	156	17	1489
2754	77	34	120	68	134	239	157	0	1460
2740	73	28	90	67	108	239	176	49	1430
2796	84	25	182	110	201	246	188	57	1515
2781	83	33	153	95	175	244	166	24	1485
2742	77	27	95	65	120	242	179	49	1426
2811	82	22	218	125	240	244	195	70	1541
2798	83	25	190	112	210	245	187	57	1511
2783	82	31	162	110	180	244	171	34	1481
2763	80	33	134	86	150	242	163	24	1451
2745	77	28	108	65	120	242	177	46	1421
2785	82	29	175	108	180	245	177	42	1478
2767	80	32	150	87	150	243	165	27	1448
2748	79	29	120	64	120	243	175	43	1418
2801	77	26	210	124	210	242	182	55	1505
2787	78	28	180	107	180	242	177	46	1475
2771	80	32	150	87	150	243	166	28	1445
2751	82	30	120	67	120	245	174	38	1415
2774	80	33	150	90	153	242	163	24	1443
2753	84	32	120	84	124	245	168	27	1413
2796	76	30	180	112	190	240	171	39	1471
2756	84	35	120	83	134	244	158	13	1411
2781	81	35	150	108	175	242	156	15	1440
2759	85	37	124	83	150	243	150	2	1410
2735	88	35	95	55	120	246	161	0	1380
2784	85	34	120	0	182	245	161	16	1440
2762	83	38	120	37	153	241	148	0	1410
2735	81	36	108	51	124	241	154	0	1380
2765	80	36	90	-19	162	241	154	12	1410
2742	73	35	85	17	134	235	151	17	1380
2785	89	27	60	0	201	248	186	49	1441
2749	72	33	60	-35	150	236	158	27	1381
2732	67	28	42	7	120	234	173	52	1351
2796	101	21	42	11	242	250	206	74	1473
2785	89	22	30	0	212	247	199	71	1443
2772	76	26	30	-12	182	241	181	54	1413
2738	68	29	30	13	124	235	168	44	1353
2785	72	19	0	0	218	238	201	87	1445
2776	67	23	0	0	190	235	188	73	1415
2764	67	29	0	0	162	234	167	44	1385
2745	66	31	0	0	134	233	163	39	1355
2730	64	28	0	0	108	232	171	52	1325
2799	60	19	0	0	256	231	197	90	1478
2791	56	19	0	0	228	229	197	94	1448
2782	59	22	30	-2	201	231	189	80	1418
2770	64	28	30	-5	175	232	171	52	1388
2753	63	31	30	-10	150	230	162	42	1358
2738	58	29	30	-6	127	226	166	53	1328
2804	57	19	30	-4	268	229	197	93	1481
2797	54	18	30	-1	242	228	197	96	1451
